{
  "date_time": {
    "precision": 0.9714285714285714,
    "recall": 1.0,
    "f1-score": 0.9855072463768115,
    "support": 34,
    "confused_with": {}
  },
  "address": {
    "precision": 0.9705882352941176,
    "recall": 1.0,
    "f1-score": 0.9850746268656716,
    "support": 33,
    "confused_with": {}
  },
  "micro avg": {
    "precision": 0.9710144927536232,
    "recall": 1.0,
    "f1-score": 0.9852941176470589,
    "support": 67
  },
  "macro avg": {
    "precision": 0.9710084033613445,
    "recall": 1.0,
    "f1-score": 0.9852909366212416,
    "support": 67
  },
  "weighted avg": {
    "precision": 0.971014674526527,
    "recall": 1.0,
    "f1-score": 0.9852941651250561,
    "support": 67
  }
}